region,StateÂ 
Almena,KS
Fort Walton Beach,FL
Barboursville,WV
Ericson,NE
Newark,NJ
Maumee,OH
Louisa,KY
Cooper,TX
Chicago,IL
Argonia,KS
Saint Elmo,IL
Milwaukee,WI
New Orleans,LA
Cottonwood Heights,UT
Pennsville,NJ
Mulberry,AR
Woodbury,GA
King of Prussia,PA
Memphis,TN
Longview,WA
Peachtree City,GA
Denver,CO
San Juan,PR
Atlanta,GA
Crestview,FL
Mankato,MN
Palm Desert,CA
Rising Sun,MD
Conyers,GA
Freedom,OK
Fort Lauderdale,FL
Moline,IL
Bel Air,MD
Cincinnati,OH
Berwyn,IL
Fairfax,SC
Horsham,PA
Sterling,VA
Boise,ID
El Reno,OK
West Chicago,IL
The Woodlands,TX
Graceville,FL
Edinburg,TX
Bridgeport,CT
Phoenix,AZ
Parsons,TN
Wausau,WI
Fort Myers,FL
Sevierville,TN
North Las Vegas,NV
Kenosha,WI
Scottsdale,AZ
Valdosta,GA
Asheville,NC
Douglasville,GA
Lenoir,NC
Marianna,FL
Orange Park,FL
Lexington,KY
Gold Canyon,AZ
LaGrange,GA
Andover,MN
University Place,WA
Sunrise Beach,MO
Braselton,GA
Princeton,IL
Lutz,FL
Berwyn,PA
Sedalia,MO
Tamarac,FL
Destin,FL
Crete,IL
St. Louis,MO
Bloomington,MN
Waukegan,IL
Jasper,GA
Leawood,KS
Woodstock,GA
Buford,GA
Naples,FL
Glasgow,MO
Ailey,GA
Lynchburg,TN
Marietta,GA
Palatka,FL
Whiteville,NC
Shabbona,IL
Charleston,SC
Kingfisher,OK
Sylacauga,AL
North Lauderdale,FL
Pawleys Island,SC
Maple Grove,MN
Gaithersburg,MD
Cambridge,MD
Fort Lee,NJ
Dearborn,MI
Wilmette,IL
Rock Spring,GA
Doraville,GA
Little Falls,MN
Ellaville,GA
Shelbyville,IN
Hoffman Estates,IL
Knoxville,TN
Forest Lake,MN
Franklin,TN
Jacksonville,FL
Boothwyn,PA
Stockbridge,GA
Belleview,FL
Lacombe,LA
Johnston,IA
Rockmart,GA
Saint George,UT
Omaha,NE
Des Plaines,IL
Greenwood Village,CO
Jonesboro,GA
Decatur,GA
Clearwater,FL
Aledo,IL
Cranford,NJ
Gray,GA
Ellington,MO
Wyoming,MN
Plano,TX
Nevada City,CA
Norfolk,VA
Milton,FL
Cumming,GA
Geneva,IL
Statesboro,GA
Palm Beach,FL
Huntingdon Valley,PA
Olathe,KS
Colfax,WA
Shorewood,IL
Evansville,IN
Columbia,SC
Richmond,VA
Greeley,CO
Sarasota,FL
Apollo Beach,FL
Prescott,AZ
Port St. Lucie,FL
Windsor,CO
Castle Rock,CO
Clayton,GA
Tampa,FL
Jackson,GA
Snohomish,WA
Burlington,WA
Franklin,GA
Macon,GA
Cocoa Beach,FL
Mount Clemens,MI
Dallas,GA
Brooksville,FL
Winter Park,FL
Carthage,MS
Rosemount,MN
Birmingham,AL
East Ellijay,GA
Cartersville,GA
Las Vegas,NV
Western Springs,IL
Wood Dale,IL
Davis,OK
St. Charles,IL
San Luis Obispo,CA
Napa,CA
Springfield,GA
Clarkesville,GA
Palm Springs,CA
Cassville,WI
Hamtramck,MI
Port Orange,FL
Watkinsville,GA
Roswell,GA
Taos,NM
Louisville,CO
Stoughton,WI
Camargo,OK
Easley,SC
McDonough,GA
Brunswick,GA
Orlando,FL
Lino Lakes,MN
Batesville,AR
McCaysville,GA
Dawsonville,GA
Coral Gables,FL
Southampton,PA
Farmington Hills,MI
Burlington,WI
Bala Cynwyd,PA
Carrabelle,FL
Vidalia,GA
Tifton,GA
Westminster,CA
Tacoma,WA
Woodland Hills,CA
Randallstown,MD
Overland Park,KS
Maywood,IL
Barnesville,GA
Gordon,GA
Jefferson City,MO
Chesterfield,MO
Shoreline,WA
Crawfordville,FL
Arlington,WA
Ponte Vedra Beach,FL
West Allis,WI
Milford,OH
Winder,GA
Ellijay,GA
Cherry Hill,NJ
Bradenton,FL
Sonoma,CA
Solvang,CA
Chico,CA
Stockton,CA
Martinsville,VA
Ocala,FL
Bartow,FL
Palos Heights,IL
Eugene,OR
Panama City Beach,FL
Port Saint Joe,FL
Acworth,GA
Cave Junction,OR
New Prague,MN
Sylvan Grove,KS
Kingstree,SC
Lantana,FL
Hastings,MI
Clewiston,FL
Aventura,FL
Miami,FL
Spartanburg,SC
Bluffton,SC
Blackwell,OK
Port Chester,NY
Baltimore,MD
Albuquerque,NM
Savannah,GA
Englewood,FL
Reno,NV
Seattle,WA
Lincoln,NE
Arcola,IL
Rosedale,MS
Granite Bay,CA
Saint Paul,MN
Elmwood Park,IL
Springfield,MO
Plymouth,MI
Saint Marys,GA
San Diego,CA
Mesa,AZ
Champlin,MN
Bonifay,FL
Everett,WA
Butler,MO
Creve Coeur,MO
Port Huron,MI
Mayaguez,PR
Hato Rey,PR
Naperville,IL
Peotone,IL
Rockford,IL
Lynnwood,WA
San Rafael,CA
Oakland,CA
Lowell,MA
Fort Pierce,FL
Clermont,FL
Sterling Heights,MI
Myrtle Beach,SC
Key West,FL
Carrollton,GA
Aurora,MN
Fort Deposit,AL
Hiawassee,GA
Draper,UT
Duluth,GA
Parma,OH
Covington,LA
New York,NY
Ogden,UT
Germantown,MD
Normal,IL
Boca Raton,FL
Carson City,NV
La Jolla,CA
Orland Park,IL
La Coste,TX
Marco Island,FL
Hancock,MN
Bainbridge Island,WA
Los Angeles,CA
Cornelia,GA
Hallock,MN
Immokalee,FL
The Dalles,OR
Santa Fe,NM
Leeton,MO
Kaysville,UT
St. Stephen,MN
Antioch,IL
Bellingham,WA
Santa Monica,CA
Springfield,IL
Irondale,AL
New Baltimore,MI
Panama City,FL
Reston,VA
Aurora,IL
Cleveland,OH
Reidsville,GA
Norcross,GA
San Clemente,CA
San Francisco,CA
Oakdale,MN
Detroit,MI
Sparta,GA
Houston,TX
Madisonville,TX
Teague,TX
Lemont,IL
Westmont,IL
Otsego,MN
Racine,WI
Lawrenceville,GA
Bakersfield,CA
Pueblo,CO
Spring Grove,MN
Warren,MI
Louisville,KY
Columbus,IN
Lacey,WA
Woodbury,MN
Flagstaff,AZ
Rolling Meadows,IL
Sioux City,IA
Oak Forest,IL
Kansas City,MO
Ventura,CA
Austin,TX
Newnan,GA
Gilbert,AZ
Montgomery,AL
Pittsburgh,PA
Prineville,OR
Venice,FL
Harvey,IL
Elizabeth,NJ
West Chester,OH
Jupiter,FL
Altus,OK
Perry,GA
Alpharetta,GA
Suwanee,GA
Williamsville,NY
Temecula,CA
Rancho Cucamonga,CA
Sioux Falls,SD
Thermopolis,WY
Worth,IL
Dallas,TX
Danville,IL
Elizabeth,IL
Oregon,IL
Winchester,IL
Clinton,IL
Irvine,CA
Pine City,MN
Villa Rica,GA
Anthony,KS
Wilmington,NC
Fayetteville,GA
Lincolnwood,IL
Macomb,IL
Champaign,IL
Bremerton,WA
Layton,UT
Ridgewood,NJ
Ketchum,ID
Calabasas,CA
Kennesaw,GA
Elko,NV
Sugar Creek,MO
Paola,KS
Colorado Springs,CO
Commerce,GA
Henderson,NV
Glenwood,IL
Silverton,OR
Beaverton,OR
Pittsfield,IL
Cape Coral,FL
Loup City,NE
Merced,CA
Culver City,CA
Crofton,MD
Salt Lake City,UT
Redlands,CA
Vancouver,WA
Berkeley,IL
Sanderson,TX
Pomona,CA
Newport Beach,CA
Loganville,GA
Eldred,IL
Northville,MI
Northfork,WV
Topeka,KS
Pasadena,CA
Staples,MN
Bentonville,AR
Hume,MO
Lakeview,OH
Ephraim,UT
White Plains,NY
Tallahassee,FL
Philadelphia,PA
Blanchardville,WI
Torrance,CA
Cheneyville,LA
Alamo,TN
Stamford,CT
Shelby Township,MI
Oakwood,OH
Sierra Blanca,TX
Gravette,AR
Hinsdale,IL
Malta,OH
Manchester,NH
Metropolis,IL
Honolulu,HI
Buffalo,NY
Portland,OR
Seattle-Tacoma,WA
sf bay area,CA
minneapolis / st paul,MN
hawaii,HA
sacramento,CA
madison,WI
rochester,NY
Boston,MA
